{"loss": -1.9525425434112549, "orient_loss": -1.9908474683761597, "dim_loss": 0.0069193607196211815, "depth_loss": 0.0341532900929451, "_timestamp": 1655801486, "_runtime": 283, "_step": 19, "_wandb": {"runtime": 285}}