{"loss": -0.6347047686576843, "orient_loss": -0.6828218102455139, "dim_loss": 0.008764149621129036, "depth_loss": 0.0428585521876812, "_timestamp": 1655800974, "_runtime": 150, "_step": 10, "_wandb": {"runtime": 168}}